Country Code,Name,Location,System ID,URL,Auto-Discovery URL
AE,Careem BIKE,"Dubai, AE",careem_bike,https://www.careem.com/en-ae/careem-bike/,https://dubai.publicbikesystem.net/ube/gbfs/v1/
AU,Neuron Mobility,"Brisbane, AU",11b14b88-3598-4d3c-821d-e6f2e37cd902,https://www.neuron.sg,https://mds-global-bne.neuron-mobility.com/gbfs/2/
AU,Neuron Mobility,"Canberra, AU",11b14b88-3598-4d3c-821d-e6f2e37cd903,https://www.neuron.sg,https://mds-global-cbr.neuron-mobility.com/gbfs/2/
AU,Neuron Mobility,"Darwin, AU",11b14b88-3598-4d3c-821d-e6f2e37cd904,https://www.neuron.sg,https://mds-global-drw.neuron-mobility.com/gbfs/2/
AU,Neuron Mobility,"Townsville, AU",11b14b88-3598-4d3c-821d-e6f2e37cd909,https://www.neuron.sg,https://mds-global-tsv.neuron-mobility.com/gbfs/2/
AR,Ecobici,"Buenos Aires, AR",bike_buenosaires,https://www.buenosaires.gob.ar/ecobici,https://buenosaires.publicbikesystem.net/ube/gbfs/v1/
AR,MiBiciTuBici,"Rosario, Santa Fe, AR",biketobike,https://www.mibicitubici.gob.ar/,https://www.mibicitubici.gob.ar/opendata/gbfs.json
AT,city bike Linz,"Linz, AT",nextbike_al,https://citybikelinz.at/,https://gbfs.nextbike.net/maps/gbfs/v2/nextbike_al/gbfs.json
AT,Vienna,"Vienna, AT",Link_Vienna,https://www.link.city,https://wrangler-mds-production.herokuapp.com/gbfs/Vienna/gbfs.json
AT,nextbike Austria,"Salzburg, AT",nextbike_at,https://www.nextbike.at/de/,https://gbfs.nextbike.net/maps/gbfs/v2/nextbike_at/gbfs.json
AT,nextbike Burgenland Austria,"Neusiedler See, AT",nextbike_na,https://www.nextbike.at/de/burgenland/,https://gbfs.nextbike.net/maps/gbfs/v2/nextbike_na/gbfs.json
AT,nextbike Klagenfurt Austria,"Klagenfurt, AT",nextbike_ka,https://www.nextbike.at/de/klagenfurt/,https://gbfs.nextbike.net/maps/gbfs/v2/nextbike_ka/gbfs.json
AT,nextbike Niederösterreich Austria,"Niederosterreich, AT",nextbike_la,https://www.nextbike.at/de/,https://gbfs.nextbike.net/maps/gbfs/v2/nextbike_la/gbfs.json
AT,nextbike Tirol Austria,"Serfaus, AT",nextbike_ta,https://www.serfaus.gv.at/,https://gbfs.nextbike.net/maps/gbfs/v2/nextbike_ta/gbfs.json
AT,Stadtrad Innsbruck Austria,"Innsbruck, AT",nextbike_si,https://stadtrad.ivb.at/,https://gbfs.nextbike.net/maps/gbfs/v2/nextbike_si/gbfs.json
AW,Greenbike Aruba,"Aruba, AW",greenbike_aruba,http://greenbikearuba.com,https://aru.publicbikesystem.net/ube/gbfs/v1/
BA,BL bike,"Banja Luka, BA",nextbike_bj,https://www.nextbike.ba/sr/banjaluka/,https://gbfs.nextbike.net/maps/gbfs/v2/nextbike_bj/gbfs.json
BA,Sarajevo Bosnia and Herzegovina,"Sarajevo, BA",nextbike_ba,https://www.nextbike.ba/bs/sarajevo/,https://gbfs.nextbike.net/maps/gbfs/v2/nextbike_ba/gbfs.json
BA,Zenica,"Zenica, BA",nextbike_bz,https://www.nextbike.ba/bs/zenica/,https://gbfs.nextbike.net/maps/gbfs/v2/nextbike_bz/gbfs.json
BE,Bird Antwerp,"Antwerpen, BE",bird-antwerp,https://www.bird.co,https://mds.bird.co/gbfs/v2/public/antwerp/gbfs.json
BE,Blue-bike,"Antwerpen, BE",bluebike,https://www.blue-bike.be/nl,https://api.delijn.be/gbfs/gbfs.json
BE,Donkey Republic Ghent,"Ghent, BE",donkey_gh,https://www.donkey.bike/cities/bike-rental-ghent/,https://stables.donkey.bike/api/public/gbfs/2/donkey_gh/gbfs.json
BE,Donkey Republic Kortrijk & Leiedal,"Kortrijk & Leiedal, BE",donkey_kortrijk_leiedal,https://www.donkey.bike/cities/bike-rental-kortrijk-zuid-west-vlaanderen/,https://stables.donkey.bike/api/public/gbfs/2/donkey_kortrijk_leiedal/gbfs
BE,Pony Brussels,"Bruxelles, BE",pony_brussels,https://getapony.com,https://gbfs.getapony.com/v1/brussels/en/gbfs.json
BE,Pony Liège,"Liège, BE",pony_liège,https://getapony.com,https://gbfs.getapony.com/v1/liege/en/gbfs.json
BR,Bike Itaú - Pernambuco,"Recife, BR",bike_pe,https://bikeitau.com.br/bikepe,https://rec.publicbikesystem.net/ube/gbfs/v1/
BR,Bike Itaú - Poa,"Porto Alegre, BR",bike_poa,https://bikeitau.com.br/bikepoa,https://poa.publicbikesystem.net/ube/gbfs/v1/
BR,Bike Itaú - Rio,"Rio de Janeiro, BR",bike_rio,https://bikeitau.com.br/bikerio/,https://riodejaneiro.publicbikesystem.net/ube/gbfs/v1/
BR,Bike Itaú - Riviera,"Riviera, BR",rivi_bike,https://www.rivieradesaolourenco.com/rivibike-2/,https://riviera.publicbikesystem.net/ube/gbfs/v1/
BR,Bike Itaú - Salvador,"Salvador, BR",bike_salvador,https://bikeitau.com.br/bikesalvador/,https://salvador.publicbikesystem.net/ube/gbfs/v1/
BR,Bike Itaú - Sampa,"São Paulo, BR",bike_sampa,https://bikeitau.com.br/bikesampa,https://saopaulo.publicbikesystem.net/ube/gbfs/v1/
BR,Bike VV,"Vila Velha, BR",bike_vv,https://www.bikevv.com.br/,https://vilavelha.publicbikesystem.net/ube/gbfs/v1/
CA,Bike Share Toronto,"Toronto, CA",bike_share_toronto,https://www.bikesharetoronto.com/,https://tor.publicbikesystem.net/ube/gbfs/v1/
CA,Bird Calgary,"Calgary, CA",bird-calgary,https://www.bird.co,https://mds.bird.co/gbfs/v2/public/calgary/gbfs.json
CA,Bird Edmonton,"Edmonton, CA",bird-edmonton,https://www.bird.co,https://mds.bird.co/gbfs/v2/public/edmonton/gbfs.json
CA,Bird Ottawa,"Ottawa, CA",bird-ottawa,https://www.bird.co,https://mds.bird.co/gbfs/v2/public/ottawa/gbfs.json
CA,BIXI Montréal,"Montréal, CA",Bixi_MTL,https://www.bixi.com/,https://gbfs.velobixi.com/gbfs/gbfs.json
CA,Lime Calgary,"Calgary, CA",lime_calgary,https://www.li.me/,https://data.lime.bike/api/partners/v1/gbfs/calgary/gbfs.json
CA,Lime Ottawa,"Ottawa, CA",lime_ottawa,https://www.li.me/,https://data.lime.bike/api/partners/v1/gbfs/ottawa/gbfs.json
CA,Mobi Bike Share,"Vancouver, CA",mobi_bikes,https://www.mobibikes.ca/,https://vancouver-gbfs.smoove.pro/gbfs/gbfs.json
CA,Neuron Mobility,"Calgary, CA",11b14b88-3598-4d3c-821d-e6f2e37cd901,https://www.neuron.sg,https://mds-global-yyc.neuron-mobility.com/gbfs/2/
CA,Neuron Mobility,"Ottawa, CA",11b14b88-3598-4d3c-821d-e6f2e37cd901,https://www.neuron.sg,https://mds-global-yow.neuron-mobility.com/gbfs/2/
CA,Neuron Mobility,"Red Deer, CA",11b14b88-3598-4d3c-821d-e6f2e37cd901,https://www.neuron.sg,https://mds-global-yqf.neuron-mobility.com/gbfs/2/
CA,Red Deer,"Red Deer, CA",Link_Red_Deer,https://www.link.city,https://wrangler-mds-production.herokuapp.com/gbfs/Red%20Deer/gbfs.json
CA,Sobi Hamilton,"Hamilton, CA",sobi_hamilton,https://hamilton.socialbicycles.com/,https://hamilton.socialbicycles.com/opendata/gbfs.json
CH,Donkey Republic Geneva,"Geneva, CH",donkey_ge,https://www.donkey.bike/cities/bike-rental-geneva/,https://stables.donkey.bike/api/public/gbfs/2/donkey_ge/gbfs.json
CH,Donkey Republic Le Locle,"Le Locle, CH",donkey_le_locle,https://www.donkey.bike/cities/bike-rental-le-locle/,https://stables.donkey.bike/api/public/gbfs/2/donkey_le_locle/gbfs.json
CH,Donkey Republic Neuchâtel,"Neuchâtel, CH",donkey_neuchatel,https://www.donkey.bike/cities/bike-rental-neuchatel/,https://stables.donkey.bike/api/public/gbfs/2/donkey_neuchatel/gbfs.json
CH,Donkey Republic Sion,"Sion, CH",donkey_sion,https://www.donkey.bike/cities/bike-rental-sion/,https://stables.donkey.bike/api/public/gbfs/2/donkey_sion/gbfs.json
CH,Donkey Republic Thun,"Thun, CH",donkey_thun,https://www.donkey.bike/cities/bike-rental-thun/,https://stables.donkey.bike/api/public/gbfs/2/donkey_thun/gbfs.json
CH,Donkey Republic Yverdon-les-Bains,"Yverdon Les Bains, CH",donkey_yverdon-les-bains,https://www.donkey.bike/cities/bike-rental-yverdon-les-bains/,https://stables.donkey.bike/api/public/gbfs/2/donkey_yverdon-les-bains/gbfs.json
CH,nextbike Switzerland,"Switzerland, CH",nextbike_ch,https://www.nextbike.ch/de/,https://gbfs.nextbike.net/maps/gbfs/v2/nextbike_ch/gbfs.json
CH,sharedmobility.ch,"Switzerland, CH",sharedmobility.ch,https://www.sharedmobility.ch/info,https://www.sharedmobility.ch/gbfs.json
CL,Bike Itaú - Santiago,"Santiago, CL",bike_santiago,https://www.bikesantiago.cl/,https://santiago.publicbikesystem.net/ube/gbfs/v1/
CY,nextbike Cyprus,"Cyprus, CY",nextbike_cy,https://www.nextbike.com.cy/el/,https://gbfs.nextbike.net/maps/gbfs/v2/nextbike_cy/gbfs.json
CY,Velespeed,"Nicosia, CY",velespeed,https://en.velespeed.net/,https://nicosia.publicbikesystem.net/ube/gbfs/v1/
CZ,nextbike Berounsko,"Berounsko, CZ",nextbike_td,https://www.nextbikeczech.com/,https://gbfs.nextbike.net/maps/gbfs/v2/nextbike_td/gbfs.json
CZ,nextbike Brno,"Brno, CZ",nextbike_te,https://www.nextbikeczech.com/,https://gbfs.nextbike.net/maps/gbfs/v2/nextbike_te/gbfs.json
CZ,nextbike Frýdek-Místek,"Frýdek-Místek, CZ",nextbike_ts,https://www.nextbikeczech.com/,https://gbfs.nextbike.net/maps/gbfs/v2/nextbike_ts/gbfs.json
CZ,nextbike Havířov,"Havířov, CZ",nextbike_th,https://www.nextbikeczech.com/,https://gbfs.nextbike.net/maps/gbfs/v2/nextbike_th/gbfs.json
CZ,nextbike Hradec Králové,"Hradec Králové, CZ",nextbike_tl,https://www.nextbikeczech.com/,https://gbfs.nextbike.net/maps/gbfs/v2/nextbike_tl/gbfs.json
CZ,nextbike Kladno,"Kladno, CZ",nextbike_tk,https://www.nextbikeczech.com/,https://gbfs.nextbike.net/maps/gbfs/v2/nextbike_tk/gbfs.json
CZ,nextbike Mladoboleslavsko,"Mladoboleslavsko, CZ",nextbike_tq,https://www.nextbikeczech.com/,https://gbfs.nextbike.net/maps/gbfs/v2/nextbike_tq/gbfs.json
CZ,nextbike Olomouc,"Olomouc, CZ",nextbike_ti,https://www.nextbikeczech.com/,https://gbfs.nextbike.net/maps/gbfs/v2/nextbike_ti/gbfs.json
CZ,nextbike Opava,"Opava, CZ",nextbike_tj,https://www.nextbikeczech.com/,https://gbfs.nextbike.net/maps/gbfs/v2/nextbike_tj/gbfs.json
CZ,nextbike Ostrava,"Ostrava, CZ",nextbike_to,https://www.nextbikeczech.com/,https://gbfs.nextbike.net/maps/gbfs/v2/nextbike_to/gbfs.json
CZ,nextbike Pardubice,"Pardubice, CZ",nextbike_tm,https://www.nextbikeczech.com/,https://gbfs.nextbike.net/maps/gbfs/v2/nextbike_tm/gbfs.json
CZ,nextbike Praha,"Praha, CZ",nextbike_tg,https://www.nextbikeczech.com/,https://gbfs.nextbike.net/maps/gbfs/v2/nextbike_tg/gbfs.json
CZ,nextbike Prostejov,"Prostejov, CZ",nextbike_cz,https://www.nextbikeczech.com/,https://gbfs.nextbike.net/maps/gbfs/v2/nextbike_cz/gbfs.json
CZ,nextbike Uherské Hradiště,"Uherské Hradiště, CZ",nextbike_tt,https://www.nextbikeczech.com/,https://gbfs.nextbike.net/maps/gbfs/v2/nextbike_tt/gbfs.json
DE,Bergisches e-Bike,"Bergisches e-Bike, DE",nextbike_ac,https://www.nextbike.de/de/bergisches-ebike/,https://gbfs.nextbike.net/maps/gbfs/v2/nextbike_ac/gbfs.json
DE,Berlin-Buch Campus,"Berlin-Buch, DE",nextbike_cb,https://www.nextbike.de/de/berlin-buch/,https://gbfs.nextbike.net/maps/gbfs/v2/nextbike_cb/gbfs.json
DE,Bonn nextbike,"Bonn, DE",nextbike_bf,https://www.nextbike.de/de/bonn/,https://gbfs.nextbike.net/maps/gbfs/v2/nextbike_bf/gbfs.json
DE,Donkey Republic Berlin,"Berlin, DE",donkey_berlin,https://www.donkey.bike/cities/bike-rental-berlin/,https://stables.donkey.bike/api/public/gbfs/2/donkey_berlin/gbfs.json
DE,Donkey Republic Freiburg,"Freiburg, DE",donkey_freiburg,https://www.donkey.bike/cities/bike-rental-freiburg/,https://stables.donkey.bike/api/public/gbfs/2/donkey_freiburg/gbfs.json
DE,Donkey Republic Munich,"Munich, DE",donkey_munich,https://www.donkey.bike/cities/bike-rental-munich/,https://stables.donkey.bike/api/public/gbfs/2/donkey_munich/gbfs.json
DE,flowBie Siggi,"Bielefeld, DE",nextbike_dg,https://www.nextbike.de/de/bielefeld/,https://gbfs.nextbike.net/maps/gbfs/v2/nextbike_dg/gbfs.json
DE,Frelo Freiburg,"Freiburg, DE",nextbike_df,https://www.frelo-freiburg.de/de/,https://gbfs.nextbike.net/maps/gbfs/v2/nextbike_df/gbfs.json
DE,Graben - ready4green,"Graben, DE",nextbike_da,https://www.nextbike.de/de/ready4green/,https://gbfs.nextbike.net/maps/gbfs/v2/nextbike_da/gbfs.json
DE,KVB Rad Germany,"Köln, DE",nextbike_kg,https://www.kvb-rad.de/de/koeln/,https://gbfs.nextbike.net/maps/gbfs/v2/nextbike_kg/gbfs.json
DE,KVV.nextbike,"Karlsruhe, DE",nextbike_fg,https://www.kvv-nextbike.de/de/,https://gbfs.nextbike.net/maps/gbfs/v2/nextbike_fg/gbfs.json
DE,Lime Hamburg,"Hamburg, DE",lime_hamburg,https://li.me,https://data.lime.bike/api/partners/v1/gbfs/hamburg/gbfs.json
DE,metropolradruhr Bochum,"Bochum, DE",nextbike_ms,https://www.metropolradruhr.de/de/,https://gbfs.nextbike.net/maps/gbfs/v2/nextbike_ms/gbfs.json
DE,metropolradruhr Germany,"metropolradruhr, DE",nextbike_mr,https://www.metropolradruhr.de/de/,https://gbfs.nextbike.net/maps/gbfs/v2/nextbike_mr/gbfs.json
DE,MOBIbike,"Dresden, DE",nextbike_dx,https://www.nextbike.de/de/dresden/,https://gbfs.nextbike.net/maps/gbfs/v2/nextbike_dx/gbfs.json
DE,nextbike Berlin,"Berlin, DE",nextbike_bn,https://www.nextbike.de/de/berlin/,https://gbfs.nextbike.net/maps/gbfs/v2/nextbike_bn/gbfs.json
DE,nextbike Düsseldorf,"Düsseldorf, DE",nextbike_dd,https://www.nextbike.de/de/duesseldorf/,https://gbfs.nextbike.net/maps/gbfs/v2/nextbike_dd/gbfs.json
DE,nextbike Erfurt,"Erfurt, DE",nextbike_ef,https://www.nextbike.de/de/erfurt/,https://gbfs.nextbike.net/maps/gbfs/v2/nextbike_ef/gbfs.json
DE,nextbike Frankfurt,"Frankfurt, DE",nextbike_ff,https://www.nextbike.de/de/frankfurt/,https://gbfs.nextbike.net/maps/gbfs/v2/nextbike_ff/gbfs.json
DE,nextbike Gießen,"Gießen, DE",nextbike_ng,https://www.nextbike.de/de/giessen/,https://gbfs.nextbike.net/maps/gbfs/v2/nextbike_ng/gbfs.json
DE,nextbike Gütersloh,"Gütersloh, DE",nextbike_dj,https://www.nextbike.de/de/guetersloh/,https://gbfs.nextbike.net/maps/gbfs/v2/nextbike_dj/gbfs.json
DE,nextbike Hannover,"Hannover, DE",nextbike_dh,https://www.nextbike.de/de/hannover/,https://gbfs.nextbike.net/maps/gbfs/v2/nextbike_dh/gbfs.json
DE,nextbike Kassel,"Kassel, DE",nextbike_dk,https://www.nextbike.de/de/kassel/,https://gbfs.nextbike.net/maps/gbfs/v2/nextbike_dk/gbfs.json
DE,nextbike Lahr (Pedelecs),"Lahr, DE",nextbike_lr,https://www.nextbike.de/de/lahr/,https://gbfs.nextbike.net/maps/gbfs/v2/nextbike_lr/gbfs.json
DE,nextbike Leipzig,"Leipzig, DE",nextbike_le,https://www.nextbike.de/de/leipzig/,https://gbfs.nextbike.net/maps/gbfs/v2/nextbike_le/gbfs.json
DE,nextbike Lippstadt,"Lippstadt, DE",nextbike_li,https://www.nextbike.de/de/lippstadt/,https://gbfs.nextbike.net/maps/gbfs/v2/nextbike_li/gbfs.json
DE,nextbike Marburg,"Marburg, DE",nextbike_nm,https://www.nextbike.de/de/marburg/,https://gbfs.nextbike.net/maps/gbfs/v2/nextbike_nm/gbfs.json
DE,nextbike Norderstedt,"Norderstedt, DE",nextbike_nn,https://www.nextbike.de/de/norderstedt/,https://gbfs.nextbike.net/maps/gbfs/v2/nextbike_nn/gbfs.json
DE,nextbike Offenburg,"Offenburg, DE",nextbike_dl,https://www.nextbike.de/de/offenburg/,https://gbfs.nextbike.net/maps/gbfs/v2/nextbike_dl/gbfs.json
DE,nextbike Quickborn,"Quickborn, DE",nextbike_dq,https://www.nextbike.de/de/quickborn/,https://gbfs.nextbike.net/maps/gbfs/v2/nextbike_dq/gbfs.json
DE,nextbike Rüsselsheim am Main,"Rüsselsheim am Main, DE",nextbike_do,https://www.nextbike.de/de/ruesselsheim/,https://gbfs.nextbike.net/maps/gbfs/v2/nextbike_do/gbfs.json
DE,nextbike Wiesbaden,"Wiesbaden, DE",nextbike_wn,https://www.nextbike.de/de/wiesbaden/,https://gbfs.nextbike.net/maps/gbfs/v2/nextbike_wn/gbfs.json
DE,nextbike Würzburg,"Würzburg, DE",nextbike_dt,https://www.nextbike.de/de/wuerzburg/,https://gbfs.nextbike.net/maps/gbfs/v2/nextbike_dt/gbfs.json
DE,Nibelungen-Bike,"Braunschweig, DE",nextbike_dn,https://www.nextbike.de/de/braunschweig/,https://gbfs.nextbike.net/maps/gbfs/v2/nextbike_dn/gbfs.json
DE,Oeynrad,"Bad Oeynhausen, DE",nextbike_dz,https://www.nextbike.de/de/badoeynhausen/,https://gbfs.nextbike.net/maps/gbfs/v2/nextbike_dz/gbfs.json
DE,Potsdam Rad,"Potsdam, DE",nextbike_dc,https://www.nextbike.de/de/potsdam/,https://gbfs.nextbike.net/maps/gbfs/v2/nextbike_dc/gbfs.json
DE,RSVG-Bike,"RSVG, DE",nextbike_rb,https://www.nextbike.de/de/rsvg/,https://gbfs.nextbike.net/maps/gbfs/v2/nextbike_rb/gbfs.json
DE,RVK,"RVK-Gesamt, DE",nextbike_dr,https://www.nextbike.de/de/rvk/,https://gbfs.nextbike.net/maps/gbfs/v2/nextbike_dr/gbfs.json
DE,Santander nextbike Mönchengladbach,"Mönchengladbach, DE",nextbike_sn,https://www.nextbike.de/de/moenchengladbach/,https://gbfs.nextbike.net/maps/gbfs/v2/nextbike_sn/gbfs.json
DE,SAP Walldorf,"Walldorf, DE",nextbike_ds,https://www.nextbike.de/de/walldorf/,https://gbfs.nextbike.net/maps/gbfs/v2/nextbike_ds/gbfs.json
DE,Sprottenflotte,"KielRegion, DE",nextbike_sf,https://www.nextbike.de/de/kielregion/,https://gbfs.nextbike.net/maps/gbfs/v2/nextbike_sf/gbfs.json
DE,SWA Rad,"Augsburg, DE",nextbike_ag,https://www.swa-rad.de/de/augsburg/,https://gbfs.nextbike.net/maps/gbfs/v2/nextbike_ag/gbfs.json
DE,UsedomRad Germany,"Usedom, DE",nextbike_ur,https://usedomrad.de/,https://gbfs.nextbike.net/maps/gbfs/v2/nextbike_ur/gbfs.json
DE,VAG_Rad,"Nürnberg, DE",nextbike_dv,https://www.vagrad.de/de/nuernberg/,https://gbfs.nextbike.net/maps/gbfs/v2/nextbike_dv/gbfs.json
DE,VRNnextbike,"Lampertheim, DE",nextbike_vn,https://www.vrnnextbike.de/de/,https://gbfs.nextbike.net/maps/gbfs/v2/nextbike_vn/gbfs.json
DE,WK-Bike (Bremen),"Bremen, DE",nextbike_wk,https://www.wk-bike.de/de/bremen/,https://gbfs.nextbike.net/maps/gbfs/v2/nextbike_wk/gbfs.json
DE,wupsiRad Leverkusen,"Leverkusen, DE",nextbike_dw,https://www.wupsirad.de/de/leverkusen/,https://gbfs.nextbike.net/maps/gbfs/v2/nextbike_dw/gbfs.json
DK,Donkey Republic Aalborg,"Aalborg, DK",donkey_aalborg,https://www.donkey.bike/cities/bike-rental-aalborg/,https://stables.donkey.bike/api/public/gbfs/2/donkey_aalborg/gbfs.json
DK,Donkey Republic Aarhus,"Aarhus, DK",donkey_aarhus,https://www.donkey.bike/cities/bike-rental-aarhus/,https://stables.donkey.bike/api/public/gbfs/2/donkey_aarhus/gbfs.json
DK,Donkey Republic Bandholm,"Bandholm, DK",donkey_bandholm,https://www.donkey.bike/cities/bike-rental-bandholm/,https://stables.donkey.bike/api/public/gbfs/2/donkey_bandholm/gbfs.json
DK,Donkey Republic Copenhagen,"Copenhagen, DK",donkey_copenhagen,https://www.donkey.bike/cities/bike-rental-copenhagen/,https://stables.donkey.bike/api/public/gbfs/2/donkey_copenhagen/gbfs.json
DK,Donkey Republic Frederikshavn,"Frederikshavn, DK",donkey_frederikshavn,https://www.donkey.bike/cities/bike-rental-frederikshavn/,https://stables.donkey.bike/api/public/gbfs/2/donkey_frederikshavn/gbfs.json
DK,Donkey Republic Glostrup,"Glostrup, DK",donkey_glostrup,https://www.donkey.bike/cities/bike-rental-glostrup/,https://stables.donkey.bike/api/public/gbfs/2/donkey_glostrup/gbfs.json
DK,Donkey Republic Herning,"Herning, DK",donkey_herning,https://www.donkey.bike/cities/herning/,https://stables.donkey.bike/api/public/gbfs/2/donkey_herning/gbfs.json
DK,Donkey Republic Klampenborg,"Klampenborg, DK",donkey_klampenborg,https://www.donkey.bike/cities/bike-rental-klampenborg/,https://stables.donkey.bike/api/public/gbfs/2/donkey_klampenborg/gbfs.json
DK,Donkey Republic Lalandia (Rødby),"Lalandia (Rødby), DK",donkey_lalandia,https://www.donkey.bike/cities/bike-rental-lalandia-rodby/,https://stables.donkey.bike/api/public/gbfs/2/donkey_lalandia/gbfs.json
DK,Donkey Republic Middelfart,"Middelfart, DK",donkey_middelfart,https://www.donkey.bike/cities/bike-rental-middelfart/,https://stables.donkey.bike/api/public/gbfs/2/donkey_middelfart/gbfs.json
DK,Donkey Republic Odense,"Odense, DK",donkey_odense,https://www.donkey.bike/cities/bike-rental-odense/,https://stables.donkey.bike/api/public/gbfs/2/donkey_odense/gbfs.json
DK,Donkey Republic Rødvig,"Rødvig, DK",donkey_roedvig,https://www.donkey.bike/cities/bike-rental-rodvig/,https://stables.donkey.bike/api/public/gbfs/2/donkey_roedvig/gbfs.json
DK,Donkey Republic Store Heddinge,"Store Heddinge, DK",donkey_store_heddinge,https://www.donkey.bike/cities/bike-rental-store-heddinge/,https://stables.donkey.bike/api/public/gbfs/2/donkey_store_heddinge/gbfs.json
ES,Alcala de Henares,"Alcalá de Henares, ES",Link_Alcala_de_Henares,https://www.link.city,https://wrangler-mds-production.herokuapp.com/gbfs/Alcala%20de%20Henares/gbfs.json
ES,BiciMAD (unofficial),"Madrid, ES",bici_madrid,https://www.bicimad.com/,https://gbfs.bici.madrid/gbfs.json
ES,Bicing,"Barcelona, ES",bike_barcelona,https://www.bicing.barcelona/,https://barcelona.publicbikesystem.net/ube/gbfs/v1/
ES,Bilbaobizi (Bilbao),"Bilbao, ES",nextbike_bo,https://www.bilbaobizi.bilbao.eus/eu/bilbao/,https://gbfs.nextbike.net/maps/gbfs/v2/nextbike_bo/gbfs.json
ES,Bird Madrid,"Madrid, ES",bird-madrid,https://www.bird.co,https://mds.bird.co/gbfs/v2/public/madrid/gbfs.json
ES,Canary Islands,"Canary Islands, ES",Link_Canary_Islands,https://www.link.city,https://wrangler-mds-production.herokuapp.com/gbfs/Canary%20Islands/gbfs.json
ES,Dbizi,"Donostia, ES",sansebastian,https://www.dbizi.eus,https://sansebastian.publicbikesystem.net/ube/gbfs/v1/
ES,Donkey Republic Barcelona,"Barcelona, ES",donkey_barcelona,https://www.donkey.bike/cities/bike-rental-barcelona/,https://stables.donkey.bike/api/public/gbfs/2/donkey_barcelona/gbfs.json
ES,ibizi,"Ibiza-City, ES",nextbike_ei,https://www.nextbike.es/es/ibiza/,https://gbfs.nextbike.net/maps/gbfs/v2/nextbike_ei/gbfs.json
ES,Lovesharing (Canary Islands),"Canary Island, ES",nextbike_ls,https://www.lovesharing.com/bikesharing/es/,https://gbfs.nextbike.net/maps/gbfs/v2/nextbike_ls/gbfs.json
ES,Madrid,"Madrid, ES",Link_Madrid,https://www.link.city,https://wrangler-mds-production.herokuapp.com/gbfs/Madrid/gbfs.json
ES,Malaga,"Malaga, ES",Link_Malaga,https://www.link.city,https://wrangler-mds-production.herokuapp.com/gbfs/Malaga/gbfs.json
ES,Sitycleta (Las Palmas),"Las Palmas de Gran Canaria, ES",nextbike_el,https://www.sitycleta.com/es/laspalmas/,https://gbfs.nextbike.net/maps/gbfs/v2/nextbike_el/gbfs.json
FI,Donkey Republic Hämeenlinna,"Hämeenlinna,FI",donkey_haemeenlinna,https://www.donkey.bike/cities/bike-rental-hameenlinna/,https://stables.donkey.bike/api/public/gbfs/2/donkey_haemeenlinna/gbfs.json
FI,Donkey Republic Hamina,"Hamina, FI",donkey_hamina,https://www.donkey.bike/cities/bike-rental-hamina/,https://stables.donkey.bike/api/public/gbfs/2/donkey_hamina/gbfs.json
FI,Donkey Republic Hyvinkää,"Hyvinkää,FI",donkey_hyvinkaa,https://www.donkey.bike/cities/bike-rental-hyvinkaa/,https://stables.donkey.bike/api/public/gbfs/2/donkey_hyvinkaa/gbfs
FI,Donkey Republic Iisalmi,"Iisalmi, FI",donkey_iisalmi,https://www.donkey.bike/cities/bike-rental-iisalmi/,https://stables.donkey.bike/api/public/gbfs/2/donkey_iisalmi/gbfs.json
FI,Donkey Republic Imatra,"Imatra, FI",donkey_imatra,https://www.donkey.bike/cities/bike-rental-imatra/,https://stables.donkey.bike/api/public/gbfs/2/donkey_imatra/gbfs.json
FI,Donkey Republic Kotka,"Kotka, FI",donkey_kotka,https://www.donkey.bike/cities/bike-rental-kotka/,https://stables.donkey.bike/api/public/gbfs/2/donkey_kotka/gbfs.json
FI,Donkey Republic Kouvola,"Kouvola, FI",donkey_kouvola,https://www.donkey.bike/cities/bike-rental-kouvola/,https://stables.donkey.bike/api/public/gbfs/2/donkey_kouvola/gbfs.json
FI,Donkey Republic Lappeenranta,"Lappeenranta, FI",donkey_lappeenranta,https://www.donkey.bike/cities/bike-rental-lappeenranta/,https://stables.donkey.bike/api/public/gbfs/2/donkey_lappeenranta/gbfs.json
FI,Donkey Republic Mäntsälä,"Mäntsälä, FI",donkey_maentsaelae,https://www.donkey.bike/cities/bike-rental-mantsala/,https://stables.donkey.bike/api/public/gbfs/2/donkey_maentsaelae/gbfs.json
FI,Donkey Republic Mikkeli,"Mikkeli,FI",donkey_mikkeli,https://www.donkey.bike/cities/bike-rental-mikkeli/,https://stables.donkey.bike/api/public/gbfs/2/donkey_mikkeli/gbfs
FI,Donkey Republic Porvoo,"Porvoo, FI",donkey_porvoo,https://www.donkey.bike/cities/bike-rental-porvoo/,https://stables.donkey.bike/api/public/gbfs/2/donkey_porvoo/gbfs.json
FI,Donkey Republic Raasepori,"Raasepori, FI",donkey_raasepori,https://www.donkey.bike/cities/bike-rental-raasepori/,https://stables.donkey.bike/api/public/gbfs/2/donkey_raasepori/gbfs
FI,Donkey Republic Riihimäki,"Riihimäki, FI",donkey_riihimaki,https://www.donkey.bike/cities/bike-rental-riihimaki/,https://stables.donkey.bike/api/public/gbfs/2/donkey_riihimaki/gbfs
FR,Bicloo,"Nantes, FR",nantes,https://www.bicloo.nantesmetropole.fr/en/home,https://transport.data.gouv.fr/gbfs/nantes/gbfs.json
FR,CristoLib,"Créteil, Paris, FR",creteil,https://www.cristolib.fr/,https://transport.data.gouv.fr/gbfs/creteil/gbfs.json
FR,C-Vélo,"Clermont-Ferrand, FR",CVelo_FR_Clermont-Ferrand,https://www.c-velo.fr,https://clermontferrand.publicbikesystem.net/ube/gbfs/v1/gbfs.json
FR,Cy'clic,"Rouen, FR",rouen,http://cyclic.rouen.fr/,https://transport.data.gouv.fr/gbfs/rouen/gbfs.json
FR,Cyclolib,"Carcassonne,FR",carcassonne,https://cyclolib.fr/en,https://gbfs.urbansharing.com/cyclolib.fr/gbfs.json
FR,Donkey Republic Valenciennes,"Valenciennes,FR",donkey_valenciennes,https://www.donkey.bike/cities/bike-rental-valenciennes/,https://stables.donkey.bike/api/public/gbfs/2/donkey_valenciennes/gbfs.json
FR,Libélo,"Valence, FR",libelo,https://www.vrd-mobilites.fr/velo/,https://valence.publicbikesystem.net/ube/gbfs/v1/gbfs.json
FR,levélo,"Marseille, FR",marseille,http://www.levelo-mpm.fr/,https://transport.data.gouv.fr/gbfs/marseille/gbfs.json
FR,LE vélo STAR,"Rennes, FR",le_velo_star,https://www.star.fr/le-velo/nos-offres/vls/,https://eu.ftp.opendatasoft.com/star/gbfs/gbfs.json
FR,Lime Paris,"Paris, FR",lime_paris,https://li.me/,https://data.lime.bike/api/partners/v1/gbfs/paris/gbfs.json
FR,Optymo Belfort,"Belfort, FR",Optymo_FR_Belfort,https://www.optymo.fr/,https://belfort-gbfs.klervi.net/gbfs/gbfs.json
FR,Pony Angers,"Angers, FR",pony_Angers,https://getapony.com/,https://gbfs.getapony.com/v1/angers/en/gbfs.json
FR,Pony Bordeaux,"Bordeaux, FR",pony_bordeaux,https://getapony.com/,https://gbfs.getapony.com/v1/bordeaux/en/gbfs.json
FR,Pony Paris,"Paris, FR",pony_paris,https://getapony.com/,https://gbfs.getapony.com/v1/paris/en/gbfs.json
FR,VCub Bordeaux,"Bordeaux, FR",vcub,https://www.vcub.fr/,https://transport.data.gouv.fr/gbfs/vcub/gbfs.json
FR,Vélam,"Amiens, FR",amiens,http://www.velam.amiens.fr/,https://transport.data.gouv.fr/gbfs/amiens/gbfs.json
FR,Vélhop,"Strasbourg, FR",strasbourg,https://velhop.strasbourg.eu/,https://transport.data.gouv.fr/gbfs/strasbourg/gbfs.json
FR,Vélib' Metropole,"Paris, FR",Paris,https://www.velib-metropole.fr/,https://velib-metropole-opendata.smoove.pro/opendata/Velib_Metropole/gbfs.json
FR,Vélivert,"Saint-Etienne, FR",Velivert_FR_Saint-Etienne,https://www.velivert.fr/,https://saint-etienne-gbfs.klervi.net/gbfs/gbfs.json
FR,VélO2,"Cergy-Pontoise, FR",cergy-pontoise,http://www.velo2.cergypontoise.fr/,https://transport.data.gouv.fr/gbfs/cergy-pontoise/gbfs.json
FR,Vélocéo,"Vannes, FR",Veloceo_FR_Vannes,https://veloceo.kiceo.fr/,https://vannes-gbfs.klervi.net/gbfs/gbfs.json
FR,VéloCité,"Mulhouse, FR",mulhouse,https://www.compte-mobilite.fr/services/velos-en-libre-service/,https://transport.data.gouv.fr/gbfs/mulhouse/gbfs.json
FR,Vélomagg',"Montpellier, FR",montpellier,https://www.tam-voyages.com/presentation/?rub_code=1&thm_id=6,https://transport.data.gouv.fr/gbfs/montpellier/gbfs.json
FR,Vélopop,"Avignon, FR",Vélopop_FR_Avignon,https://www.velopop.fr/,https://avignon-gbfs.klervi.net/gbfs/gbfs.json
FR,VélOstan'lib,"Nancy, FR",nancy,http://www.velostanlib.fr/,https://transport.data.gouv.fr/gbfs/nancy/gbfs.json
FR,VélÔToulouse,"Toulouse, FR",toulouse,http://www.velo.toulouse.fr/,https://transport.data.gouv.fr/gbfs/toulouse/gbfs.json
FR,Vélo'v,"Lyon, FR",lyon,https://velov.grandlyon.com/en/home,https://transport.data.gouv.fr/gbfs/lyon/gbfs.json
FR,V'lille,"Lille, FR",vlille,https://www.ilevia.fr/cms/vlille/,https://transport.data.gouv.fr/gbfs/vlille/gbfs.json
GB,BelfastBikes,"Belfast, GB",nextbike_bu,https://www.belfastbikes.co.uk/en/belfast/,https://gbfs.nextbike.net/maps/gbfs/v2/nextbike_bu/gbfs.json
GB,Beryl - BCP,"Bournemouth, Christchurch, Poole, GB",beryl_bcp,https://www.beryl.cc,https://gbfs.beryl.cc/v2/BCP/gbfs.json
GB,Beryl - Hereford,"Hereford, GB",beryl_hereford,https://www.beryl.cc,https://gbfs.beryl.cc/v2/Hereford/gbfs.json
GB,Beryl - Isle of Wight,"Isle of Wight, GB",beryl_isle_of_wight,https://www.beryl.cc,https://gbfs.beryl.cc/v2/Isle_of_Wight/gbfs.json
GB,Beryl - London,"London, GB",beryl_london,https://www.beryl.cc,https://gbfs.beryl.cc/v2/London/gbfs.json
GB,Beryl - Norwich,"Norwich, GB",beryl_norwich,https://www.beryl.cc,https://gbfs.beryl.cc/v2/Norwich/gbfs.json
GB,Beryl - Watford,"Watford, GB",beryl_watford,https://www.beryl.cc,https://gbfs.beryl.cc/v2/Watford/gbfs.json
GB,Beryl - West Midlands,"West Midlands, GB",beryl_west_midlands,https://www.beryl.cc,https://gbfs.beryl.cc/v2/West_Midlands/gbfs.json
GB,Co-bikes,"Exeter, GB",nextbike_eu,https://www.co-bikes.co.uk/,https://gbfs.nextbike.net/maps/gbfs/v2/nextbike_eu/gbfs.json
GB,Donkey Republic Charlbury,"Charlbury, GB",donkey_charlbury,https://www.donkey.bike/cities/bike-rental-charlbury/,https://stables.donkey.bike/api/public/gbfs/2/donkey_charlbury/gbfs.json
GB,Donkey Republic Cirencester,"Cirencester, GB",donkey_cirencester,https://www.donkey.bike/cities/bike-rental-cirencester/,https://stables.donkey.bike/api/public/gbfs/2/donkey_cirencester/gbfs.json
GB,Donkey Republic Henley On Thames,"Henley On Thames, GB",donkey_henley_on_thames,https://www.donkey.bike/cities/bike-rental-henley-on-thames/,https://stables.donkey.bike/api/public/gbfs/2/donkey_henley_on_thames/gbfs.json
GB,Donkey Republic Kingham,"Kingham, GB",donkey_kingham,https://www.donkey.bike/cities/bike-rental-kingham/,https://stables.donkey.bike/api/public/gbfs/2/donkey_kingham/gbfs.json
GB,Donkey Republic Moreton In Marsh,"Moreton In Marsh, GB",donkey_moreton_in_marsh,https://www.donkey.bike/cities/bike-rental-moreton-in-marsh/,https://stables.donkey.bike/api/public/gbfs/2/donkey_moreton_in_marsh/gbfs.json
GB,Donkey Republic Northleach,"Northleach, GB",donkey_northleach, https://www.donkey.bike/cities/bike-rental-northleach/,https://stables.donkey.bike/api/public/gbfs/2/donkey_northleach/gbfs.json
GB,Donkey Republic Oxford,"Oxford, GB",donkey_oxford,https://www.donkey.bike/cities/bike-rental-oxford/,https://stables.donkey.bike/api/public/gbfs/2/donkey_oxford/gbfs.json
GB,Donkey Republic Plymouth,"Plymouth, GB",donkey_plymouth,https://www.donkey.bike/cities/bike-rental-plymouth/,https://stables.donkey.bike/api/public/gbfs/2/donkey_plymouth/gbfs.json
GB,Donkey Republic Stroud,"Stroud, GB",donkey_stroud,https://www.donkey.bike/cities/bike-rental-stroud/,https://stables.donkey.bike/api/public/gbfs/2/donkey_stroud/gbfs.json
GB,Donkey Republic Tetbury,"Tetbury, GB",donkey_tetbury,https://www.donkey.bike/cities/bike-rental-tetbury/,https://stables.donkey.bike/api/public/gbfs/2/donkey_tetbury/gbfs.json
GB,Donkey Republic The Cotswold Water Park,"The Cotswold Water Park, GB",donkey_the_cotswold_water_park,https://www.donkey.bike/cities/bike-rental-the-cotswold-water-park/,https://stables.donkey.bike/api/public/gbfs/2/donkey_the_cotswold_water_park/gbfs.json
GB,Donkey Republic Whichford,"Whichford, GB",donkey_whichford,https://www.donkey.bike/cities/bike-rental-whichford/,https://stables.donkey.bike/api/public/gbfs/2/donkey_whichford/gbfs.json
GB,Donkey Republic Worthing,"Worthing, GB",donkey_worthing,https://www.donkey.bike/cities/bike-rental-worthing/,https://stables.donkey.bike/api/public/gbfs/2/donkey_worthing/gbfs.json
GB,Neuron Mobility,"Newcastle, GB",11b14b88-3598-4d3c-821d-e6f2e37cd905,https://www.neuron.sg,https://mds-global-ncl.neuron-mobility.com/gbfs/2/
GB,nextbike Cardiff,"Cardiff, GB",nextbike_uc,https://www.nextbike.co.uk/en/,https://gbfs.nextbike.net/maps/gbfs/v2/nextbike_uc/gbfs.json
GB,nextbike Glasgow,"Glasgow, GB",nextbike_gg,https://www.nextbike.co.uk/en/glasgow/,https://gbfs.nextbike.net/maps/gbfs/v2/nextbike_gg/gbfs.json
GB,nextbike UK,"Stirling, GB",nextbike_uk,https://www.nextbike.co.uk/en/,https://gbfs.nextbike.net/maps/gbfs/v2/nextbike_uk/gbfs.json
GB,Pony Oxford,"Oxford, GB",pony_oxford,https://getapony.com,https://gbfs.getapony.com/v1/oxford/en/gbfs.json
GB,Santander Cycles - Brunel,"Brunel University, GB",nextbike_ub,https://www.santandercycles.co.uk/,https://gbfs.nextbike.net/maps/gbfs/v2/nextbike_ub/gbfs.json
GB,Santander Cycles - Milton Keynes,"Milton Keynes, GB",nextbike_ku,https://www.santandercycles.co.uk/,https://gbfs.nextbike.net/maps/gbfs/v2/nextbike_ku/gbfs.json
GB,Santander Cycles - Swansea,"Swansea University, GB",nextbike_uu,https://www.santandercycles.co.uk/,https://gbfs.nextbike.net/maps/gbfs/v2/nextbike_uu/gbfs.json
GB,University of Surrey,"University of Surrey, GB",nextbike_su,https://www.nextbike.co.uk/en/university-of-surrey/,https://gbfs.nextbike.net/maps/gbfs/v2/nextbike_su/gbfs.json
HR,Grad Drniš (Croatia),"Drniš, HR",nextbike_gd,https://www.nextbike.hr/hr/drnis/,https://gbfs.nextbike.net/maps/gbfs/v2/nextbike_gd/gbfs.json
HR,Grad Gospić (Croatia),"Gospić, HR",nextbike_gs,https://www.nextbike.hr/hr/gospic/,https://gbfs.nextbike.net/maps/gbfs/v2/nextbike_gs/gbfs.json
HR,Grad Ivanić-Grad (Croatia),"Ivanic Grad, HR",nextbike_ig,https://www.nextbike.hr/hr/ivanicgrad/,https://gbfs.nextbike.net/maps/gbfs/v2/nextbike_ig/gbfs.json
HR,Grad Karlovac (Croatia),"Karlovac, HR",nextbike_kc,https://www.nextbike.hr/hr/karlovac/,https://gbfs.nextbike.net/maps/gbfs/v2/nextbike_kc/gbfs.json
HR,Grad Makarska (Croatia),"Makarska, HR",nextbike_ma,https://www.nextbike.hr/hr/makarska/,https://gbfs.nextbike.net/maps/gbfs/v2/nextbike_ma/gbfs.json
HR,Grad Metković (Croatia),"Metković, HR",nextbike_cm,https://www.nextbike.hr/hr/metkovic/,https://gbfs.nextbike.net/maps/gbfs/v2/nextbike_cm/gbfs.json
HR,Grad Šibenik (Croatia),"Šibenik, HR",nextbike_bc,https://www.nextbike.hr/hr/sibenik/,https://gbfs.nextbike.net/maps/gbfs/v2/nextbike_bc/gbfs.json
HR,Grad Sisak (Croatia),"Sisak, HR",nextbike_cs,https://www.nextbike.hr/hr/sisak/,https://gbfs.nextbike.net/maps/gbfs/v2/nextbike_cs/gbfs.json
HR,Grad Slavonski Brod (Croatia),"Slavonski Brod, HR",nextbike_sb,https://www.nextbike.hr/hr/slavonskibrod/,https://gbfs.nextbike.net/maps/gbfs/v2/nextbike_sb/gbfs.json
HR,Grad Split (Croatia),"Split , HR",nextbike_gt,https://www.nextbike.hr/hr/split/,https://gbfs.nextbike.net/maps/gbfs/v2/nextbike_gt/gbfs.json
HR,Grad Velika Gorica (Croatia),"Velika Gorica, HR",nextbike_cg,https://www.nextbike.hr/hr/velikagorica/,https://gbfs.nextbike.net/maps/gbfs/v2/nextbike_cg/gbfs.json
HR,Grad Zadar (Croatia),"Zadar, HR",nextbike_zd,https://www.nextbike.hr/hr/zadar/,https://gbfs.nextbike.net/maps/gbfs/v2/nextbike_zd/gbfs.json
HR,Jastrebarsko (Croatia),"Jastrebarsko, HR",nextbike_cj,https://www.nextbike.hr/hr/jastrebarsko/,https://gbfs.nextbike.net/maps/gbfs/v2/nextbike_cj/gbfs.json
HR,nextbike Croatia,"Zagreb, HR",nextbike_hr,https://www.nextbike.hr/hr/,https://gbfs.nextbike.net/maps/gbfs/v2/nextbike_hr/gbfs.json
HR,Općina Brinje (Croatia),"Brinje, HR",nextbike_br,https://www.nextbike.hr/hr/brinje/,https://gbfs.nextbike.net/maps/gbfs/v2/nextbike_br/gbfs.json
HR,Općina Dugopolje (Croatia),"Dugopolje, HR",nextbike_od,https://www.nextbike.hr/hr/dugopolje/,https://gbfs.nextbike.net/maps/gbfs/v2/nextbike_od/gbfs.json
HR,Općina Pitomača (Croatia),"Pitomača, HR",nextbike_se,https://www.nextbike.hr/hr/pitomaca/,https://gbfs.nextbike.net/maps/gbfs/v2/nextbike_se/gbfs.json
HU,Donkey Republic Budapest,"Budapest, HU",donkey_budapest,https://www.donkey.bike/cities/bike-rental-budapest/,https://stables.donkey.bike/api/public/gbfs/2/donkey_budapest/gbfs.json
IT,Aprillia,"Aprillia, IT",Link_Aprilia,https://www.link.city,https://wrangler-mds-production.herokuapp.com/gbfs/Aprilia/gbfs.json
IL,Bird Tel Aviv,"Tel Aviv, IL",bird-tel-aviv,https://www.bird.co,https://mds.bird.co/gbfs/v2/public/tel-aviv/gbfs.json
IT,Helbiz USA,"Ferrara, IT",HELBIZ-US,https://helbiz.com/,https://api.helbiz.com/admin/reporting/ferrara/gbfs/gbfs.json
IL,Lime Tel Aviv,"Tel Aviv, IL",lime_tel_aviv,https://li.me/,https://data.lime.bike/api/partners/v1/gbfs/tel_aviv/gbfs.json
IT,Palermo,"Palermo, IT",Link_Palermo,https://www.link.city,https://wrangler-mds-production.herokuapp.com/gbfs/Palermo/gbfs.json
IN,Chartered Bike (Ranchi - India),"Ranchi, IN",nextbike_ir,http://www.charteredbike.in/en/,https://gbfs.nextbike.net/maps/gbfs/v2/nextbike_ir/gbfs.json
IT,Bird Rome,"Rome, IT",bird-rome,https://www.bird.co,https://mds.bird.co/gbfs/v2/public/rome/gbfs.json
IS,Donkey Republic Reykjavik,Reykjavik,donkey_reykjavik,https://www.donkey.bike/cities/bike-rental-reykjavik/,https://stables.donkey.bike/api/public/gbfs/2/donkey_reykjavik/gbfs.json
IT,Giulianova,"Giulianova, IT",Link_Giulianova,https://www.link.city,https://wrangler-mds-production.herokuapp.com/gbfs/Giulianova/gbfs.json
IT,Helbiz Bari,"Bari, IT",HELBIZ-US,https://helbiz.com,https://api.helbiz.com/admin/reporting/bari/gbfs/gbfs.json
IT,Helbiz Cesena,"Cesena, IT",HELBIZ-US,https://helbiz.com,https://api.helbiz.com/admin/reporting/cesena/gbfs/gbfs.json
IT,Helbiz Fiumicino,"Fiumicino, IT",HELBIZ-US,https://helbiz.com/,https://api.helbiz.com/admin/reporting/fiumicino/gbfs/gbfs.json
IT,Helbiz H-Farm,"H-Farm, IT",HELBIZ-US,https://helbiz.com,https://api.helbiz.com/admin/reporting/h-farm/gbfs/gbfs.json
IT,Helbiz Latina,"Latina, IT",HELBIZ-US,https://helbiz.com,https://api.helbiz.com/admin/reporting/latina/gbfs/gbfs.json
IT,Helbiz Modena,"Modena, IT",HELBIZ-US,https://helbiz.com,https://api.helbiz.com/admin/reporting/modena/gbfs/gbfs.json
IT,Helbiz Napoli,"Napoli, IT",HELBIZ-US,https://helbiz.com,https://api.helbiz.com/admin/reporting/napoli/gbfs/gbfs.json
IT,Helbiz Otranto,"Otranto, IT",HELBIZ-US,https://helbiz.com/,https://api.helbiz.com/admin/reporting/otranto/gbfs/gbfs.json
IT,Helbiz Palermo,"Palermo, IT",HELBIZ-US,https://helbiz.com/,https://api.helbiz.com/admin/reporting/palermo/gbfs/gbfs.json
IT,Helbiz Parma,"Parma, IT",HELBIZ-US,https://helbiz.com,https://api.helbiz.com/admin/reporting/parma/gbfs/gbfs.json
IT,Helbiz Pescara,"Pescara, IT",HELBIZ-US,https://helbiz.com,https://api.helbiz.com/admin/reporting/pescara/gbfs/gbfs.json
IT,Helbiz Pisa,"Pisa,  IT",HELBIZ-US,https://helbiz.com,https://api.helbiz.com/admin/reporting/pisa/gbfs/gbfs.json
IT,Helbiz Rome,"Rome, IT",HELBIZ-US,https://helbiz.com,https://api.helbiz.com/admin/reporting/rome/gbfs/gbfs.json
IT,Helbiz Santarcangelo di Romagna,"Santarcangelo di Romagna, IT",HELBIZ-US,https://helbiz.com/,https://api.helbiz.com/admin/reporting/santarcangelo/gbfs/gbfs.json
IT,Isola delle Femmine,"Isola delle Femmine, IT",Link_Isola_delle_Femmine,https://www.link.city,https://wrangler-mds-production.herokuapp.com/gbfs/Isola%20delle%20Femmine/gbfs.json
IT,Lime Rome,"Rome, IT",lime_rome,https://li.me,https://data.lime.bike/api/partners/v1/gbfs/rome/gbfs.json
IT,Milan Bikemi,"Milan, IT",milan-bikemi,https://bikemi.com/en,https://gbfs.urbansharing.com/bikemi.com/gbfs.json
IT,Moncalieri,"Moncalieri, IT",Link_Moncalieri,https://www.link.city,https://wrangler-mds-production.herokuapp.com/gbfs/Moncalieri/gbfs.json
IT,Nettuno,"Nettuno, IT",Link_Nettuno,https://www.link.city,https://wrangler-mds-production.herokuapp.com/gbfs/Nettuno/gbfs.json
IT,Vejer de la Frontera,"Vejer de la Frontera, IT",Link_Vejer_de_la_Frontera,https://www.link.city,https://wrangler-mds-production.herokuapp.com/gbfs/Vejer%20de%20la%20Frontera/gbfs.json
IT,Verona Bike,"Verona, IT",verona-bike,https://bikeverona.it/en,https://gbfs.urbansharing.com/bikeverona.it/gbfs.json
IT,Rome,"Rome, IT",Link_Rome,https://www.link.city,https://wrangler-mds-production.herokuapp.com/gbfs/Rome/gbfs.json
LB,bike4all,"Byblos, LB",nextbike_bl,https://www.bikeforall-lb.com/en/,https://gbfs.nextbike.net/maps/gbfs/v2/nextbike_bl/gbfs.json
LI,Donkey Republic Liechtenstein,Liechtenstein,donkey_li,https://www.donkey.bike/cities/,https://stables.donkey.bike/api/public/gbfs/2/donkey_li/gbfs.json
LV,nextbike LV,"Latvia, LV",nextbike_lv,https://www.nextbike.lv/,https://gbfs.nextbike.net/maps/gbfs/v2/nextbike_lv/gbfs.json
MC,MonaBike,"Monaco, MC",mona_bike,https://monabike.mc/,https://monaco.publicbikesystem.net/ube/gbfs/v1/
MT,nextbike Malta,"Malta, MT",nextbike_mt,https://www.nextbike.com.mt/en/malta/,https://gbfs.nextbike.net/maps/gbfs/v2/nextbike_mt/gbfs.json
MX,Mibici Guadalajara,"Guadalajara, MX",mibici_guadalajara,https://www.mibici.net/en/,https://guad.publicbikesystem.net/ube/gbfs/v1/
MX,YOY - San Luis Potosi,"San Luis Potosi, MX",nextbike_yp,https://www.yoymobility.com/es/,https://gbfs.nextbike.net/maps/gbfs/v2/nextbike_yp/gbfs.json
NL,Cykl,"Wageningen, NL",CKL,https://www.cykl.nl/,https://www.cykl.nl/gbfs/gbfs.json
NL,Donkey Republic Amsterdam,"Amsterdam, NL",donkey_am,https://www.donkey.bike/cities/bike-rental-amsterdam/,https://stables.donkey.bike/api/public/gbfs/2/donkey_am/gbfs.json
NL,Donkey Republic Den Haag,"Den Haag, NL",donkey_den_haag,https://www.donkey.bike/cities/bike-rental-den-haag/,https://stables.donkey.bike/api/public/gbfs/2/donkey_den_haag/gbfs.json
NL,Donkey Republic Rotterdam,"Rotterdam, NL",donkey_rt,https://www.donkey.bike/nl/steden/deelfietsen-rotterdam/,https://stables.donkey.bike/api/public/gbfs/2/donkey_rt/gbfs.json
NL,Donkey Republic Utrecht,"Utrecht, NL",donkey_ut,https://www.donkey.bike/cities/bike-rental-utrecht/,https://stables.donkey.bike/api/public/gbfs/2/donkey_ut/gbfs.json
NL,GoAbout,"Netherlands",goabout,https://goabout.com,https://gbfs.goabout.com/2/gbfs.json
NL,nextbike Dordrecht,"Dordrecht, NL",nextbike_nd,https://www.nextbike.nl/nl/dordrecht/,https://gbfs.nextbike.net/maps/gbfs/v2/nextbike_nd/gbfs.json
NL,NS OV Fiets,"Netherlands",ns_ov_fiets,https://www.ns.nl/en/door-to-door/ov-fiets,http://gbfs.openov.nl/ovfiets/gbfs.json
NO,Bolt Bergen,"Bergen, NO",boltbergen,https://bolt.eu/en/cities/bergen/,https://api.entur.io/mobility/v2/gbfs/boltbergen/gbfs
NO,Bolt Drammen,"Drammen, NO", boltdrammen,https://bolt.eu/en/cities/drammen/,https://api.entur.io/mobility/v2/gbfs/boltdrammen/gbfs
NO,Bergen City Bike,"Bergen, NO",bergen-city-bike,https://bergenbysykkel.no/en,https://gbfs.urbansharing.com/bergenbysykkel.no/gbfs.json
NO,Bolt Fredrikstad,"Fredrikstad, NO",boltfredrikstad,https://bolt.eu/en/cities/fredrikstad/,https://api.entur.io/mobility/v2/gbfs/boltfredrikstad/gbfs
NO,Bolt Gjovik,"Gjovik, NO",boltgjovik,https://bolt.eu/en/cities/gjovik/,https://api.entur.io/mobility/v2/gbfs/boltgjovik/gbfs
NO,Bolt Hamar,"Hamar, NO",bolthamar,https://bolt.eu/en/cities/hamar/,https://api.entur.io/mobility/v2/gbfs/bolthamar/gbfs
NO,Bolt Lillehammer,"Lillehammer, NO",boltlillehammer,https://bolt.eu/en/cities/lillehammer/,https://api.entur.io/mobility/v2/gbfs/boltlillehammer/gbfs
NO,Bolt Lillestrom,"Lillestrom, NO",boltlillestrom,https://bolt.eu/en/cities/lillestrom/,https://api.entur.io/mobility/v2/gbfs/boltlillestrom/gbfs
NO,Bolt Oslo,"Oslo, NO",boltoslo,https://bolt.eu/en/cities/oslo/,https://api.entur.io/mobility/v2/gbfs/boltoslo/gbfs
NO,Drammen Bysykkel,"Drammen, NO",drammenbysykkel,https://www.drammenbysykler.no/,https://api.entur.io/mobility/v2/gbfs/drammenbysykkel/gbfs
NO,Kolumbus Bysykkel,"Kolumbus, NO",kolumbusbysykkel,https://www.kolumbus.no/reise/sykkel-oversikt/bysykkelen/,https://api.entur.io/mobility/v2/gbfs/kolumbusbysykkel/gbfs
NO,Lillestrom Bysykkel,"Lillestrom, NO",lillestrombysykkel,http://www.bysykkel.org/,https://api.entur.io/mobility/v2/gbfs/lillestrombysykkel/gbfs
NO,Lime Olso,"Oslo, NO",limeoslo,https://www.li.me/,https://api.entur.io/mobility/v2/gbfs/limeoslo/gbfs
NO,Oslo City Bike,"Oslo, NO",oslobysykkel,https://oslobysykkel.no/en,https://gbfs.urbansharing.com/oslobysykkel.no/gbfs.json
NO,Tier ASANE,"Asane, NO",tierasane,https://www.tier.app/,https://api.entur.io/mobility/v2/gbfs/tierasane/gbfs
NO,Tier Asker,"Asker, NO",tierasker,https://www.tier.app/,https://api.entur.io/mobility/v2/gbfs/tierasker/gbfs
NO,Tier Baerum,"Baerum, NO",tierbaerum,https://www.tier.app/,https://api.entur.io/mobility/v2/gbfs/tierbaerum/gbfs
NO,Tier Bergen,"Bergen, NO",tierbergen,https://www.tier.app/,https://api.entur.io/mobility/v2/gbfs/tierbergen/gbfs
NO,Tier Drammen,"Drammen, NO",tierdrammen,https://www.tier.app/,https://api.entur.io/mobility/v2/gbfs/tierdrammen/gbfs
NO,Tier Lillestrom,"Lillestrom, NO",tierlillestrom,https://www.tier.app/,https://api.entur.io/mobility/v2/gbfs/tierlillestrom/gbfs
NO,Tier Lorenskog,"Lorenskog, NO",tierlorenskog,https://www.tier.app/,https://api.entur.io/mobility/v2/gbfs/tierlorenskog/gbfs
NO,Tier Namsos,"Namsos, NO",tiernamsos,https://www.tier.app/,https://api.entur.io/mobility/v2/gbfs/tiernamsos/gbfs
NO,Tier Oslo,"Oslo, NO",tieroslo,https://www.tier.app/,https://api.entur.io/mobility/v2/gbfs/tieroslo/gbfs
NO,Tier Ski,"Ski, NO",tierski,https://www.tier.app/,https://api.entur.io/mobility/v2/gbfs/tierski/gbfs
NO,Tier Stavanger,"Stavanger, NO",tierstavanger,https://www.tier.app/,https://api.entur.io/mobility/v2/gbfs/tierstavanger/gbfs
NO,Tier Trondheim,"Trondheim, NO",tiertrondheim,https://www.tier.app/,https://api.entur.io/mobility/v2/gbfs/tiertrondheim/gbfs
NO,Trondheim City Bike,"Trondheim, NO",trondheim,https://trondheimbysykkel.no/en,https://gbfs.urbansharing.com/trondheimbysykkel.no/gbfs.json
NO,Voi Olso,"Oslo, NO",voioslo,https://www.voiscooters.com/,https://api.entur.io/mobility/v2/gbfs/voioslo/gbfs
NO,Voi Trondheim,"Trondheim, NO",voitrondheim,https://www.voiscooters.com/,https://api.entur.io/mobility/v2/gbfs/voitrondheim/gbfs
NO,Zvipp,"Trondheim, NO",zvipptrondheim,https://www.zvipp.no/support,https://api.entur.io/mobility/v2/gbfs/zvipptrondheim/gbfs
NZ,Flamingo Auckland,"Auckland, NZ",flamingo_auckland,https://flamingoscooters.com,https://api.flamingoscooters.com/gbfs/auckland/gbfs.json
NZ,Flamingo Christchurch,"Christchurch, NZ",flamingo_christchurch,https://flamingoscooters.com,https://api.flamingoscooters.com/gbfs/christchurch/gbfs.json
NZ,Flamingo Wellington,"Wellington, NZ",flamingo_wellington,https://flamingoscooters.com,https://api.flamingoscooters.com/gbfs/wellington/gbfs.json
NZ,Neuron Mobility Auckland,"Auckland, NZ",11b14b88-3598-4d3c-821d-e6f2e37cd906,https://www.neuron.sg,https://mds-global-akl.neuron-mobility.com/gbfs/2/
NZ,Neuron Mobility Dunedin,"Dunedin, NZ",11b14b88-3598-4d3c-821d-e6f2e37cd908,https://www.neuron.sg,https://mds-global-dud.neuron-mobility.com/gbfs/2/
NZ,Neuron Mobility Hamilton,"Hamilton, NZ",11b14b88-3598-4d3c-821d-e6f2e37cd907,https://www.neuron.sg,https://mds-global-hlz.neuron-mobility.com/gbfs/2/
NZ,Neuron Mobility Christchurch,"Christchurch, NZ",11b14b88-3598-4d3c-821d-e6f2e37cd907,https://www.neuron.sg,https://mds-global-chc.neuron-mobility.com/gbfs/2/
NZ,nextbike New Zealand,"New Zealand, NZ",nextbike_nz,https://www.nextbike.co.nz/en/,https://gbfs.nextbike.net/maps/gbfs/v2/nextbike_nz/gbfs.json
PL,Bike_S SRM Poland,"Szczecin, PL",nextbike_sp,https://bikes-srm.pl/,https://gbfs.nextbike.net/maps/gbfs/v2/nextbike_sp/gbfs.json
PL,GRM Grodzisk Poland,"Grodzisk Mazowiecki, PL",nextbike_gp,https://www.rowery.grodzisk.pl/,https://gbfs.nextbike.net/maps/gbfs/v2/nextbike_gp/gbfs.json
PL,Kajteroz - Chorzowski Rower Miejski Poland,"Chorzów, PL",nextbike_pv,https://kajteroz.pl/,https://gbfs.nextbike.net/maps/gbfs/v2/nextbike_pv/gbfs.json
PL,Kołobrzeski Rower Miejski Poland,"Kołobrzeg, PL",nextbike_kr,https://kolobrzeskirower.pl/,https://gbfs.nextbike.net/maps/gbfs/v2/nextbike_kr/gbfs.json
PL,Koło Marek Poland,"Marki, PL",nextbike_mk,https://kolomarek.pl/,https://gbfs.nextbike.net/maps/gbfs/v2/nextbike_mk/gbfs.json
PL,Komornicki System Rowerowy Poland,"Komorniki, PL",nextbike_pa,https://komornickirower.pl/,https://gbfs.nextbike.net/maps/gbfs/v2/nextbike_pa/gbfs.json
PL,Koniński Rower Miejski Poland,"Konin, PL",nextbike_pn,https://koninskirower.pl/,https://gbfs.nextbike.net/maps/gbfs/v2/nextbike_pn/gbfs.json
PL,LRM Lublin Poland,"Lublin, PL",nextbike_ln,https://www.lubelskirower.pl/,https://gbfs.nextbike.net/maps/gbfs/v2/nextbike_ln/gbfs.json
PL,Luboński Rower Miejski Poland,"Luboń, PL",nextbike_pq,https://www.rowerlubon.pl/,https://gbfs.nextbike.net/maps/gbfs/v2/nextbike_pq/gbfs.json
PL,Oleski Rower Miejski Poland,"Olesno, PL",nextbike_pf,https://oleskirower.pl/,https://gbfs.nextbike.net/maps/gbfs/v2/nextbike_pf/gbfs.json
PL,Piaseczyński Rower Miejski Poland,"Piaseczno, PL",nextbike_pi,https://www.piaseczynskirower.pl/,https://gbfs.nextbike.net/maps/gbfs/v2/nextbike_pi/gbfs.json
PL,PRM Poznan Poland,"Poznan, PL",nextbike_pb,https://poznanskirower.pl/,https://gbfs.nextbike.net/maps/gbfs/v2/nextbike_pb/gbfs.json
PL,Rower Miejski Szamotuły Poland (RMS) Poland,"Szamotuły, PL",nextbike_rm,https://szamotuly.bike/,https://gbfs.nextbike.net/maps/gbfs/v2/nextbike_rm/gbfs.json
PL,Rower Miejski w Ostrowie Wielkopolskim Poland,"Ostrów Wielkopolski, PL",nextbike_po,https://ostrowskirowermiejski.pl/,https://gbfs.nextbike.net/maps/gbfs/v2/nextbike_po/gbfs.json
PL,Rowerowe Łódzkie Poland (RL),"Lodzkie, PL",nextbike_pw,https://www.rowerowelodzkie.pl/,https://gbfs.nextbike.net/maps/gbfs/v2/nextbike_pw/gbfs.json
PL,System Roweru Gminnego Poland,"Pielgrzymka, PL",nextbike_pg,https://rowery.pielgrzymka.biz/,https://gbfs.nextbike.net/maps/gbfs/v2/nextbike_pg/gbfs.json
PL,Tarnowski Rower Miejski Poland,"Tarnów, PL",nextbike_tn,https://rower.tarnow.pl/,https://gbfs.nextbike.net/maps/gbfs/v2/nextbike_tn/gbfs.json
PL,VETURILO Poland,"Warszawa, PL",nextbike_vp,https://www.veturilo.waw.pl/,https://gbfs.nextbike.net/maps/gbfs/v2/nextbike_vp/gbfs.json
PL,WRM nextbike Poland,"Wrocław, PL",nextbike_pl,https://www.wroclawskirower.pl/,https://gbfs.nextbike.net/maps/gbfs/v2/nextbike_pl/gbfs.json
PL,Zielonogórski Rower Miejski Poland,"Zielona Góra, PL",nextbike_pm,https://zielonogorskirowermiejski.pl/,https://gbfs.nextbike.net/maps/gbfs/v2/nextbike_pm/gbfs.json
PT,Bird Lisbon,"Lisbon, PT",bird-lisbon,https://www.bird.co,https://mds.bird.co/gbfs/lisbon/gbfs.json
PT,Pony Lisbon,"Lisbon, PT",pony_lisbon,https://getapony.com,https://gbfs.getapony.com/v1/lisbon/en/gbfs.json
PT,Lisbon,"Lisbon, PT",Link_Lisbon,https://www.link.city,https://wrangler-mds-production.herokuapp.com/gbfs/Lisbon/gbfs.json
RO,Drobeta Velopark,"Drobeta, RO",nextbike_rd,https://www.nextbike.ro/ro/drobeta/,https://gbfs.nextbike.net/maps/gbfs/v2/nextbike_rd/gbfs.json
RO,nextbike Romania,"Focșani, RO",nextbike_nw,https://nextbike.ro/en/foc%C8%99ani/,https://gbfs.nextbike.net/maps/gbfs/v2/nextbike_nw/gbfs.json
RO,Saturn,"Saturn, RO",nextbike_rs,https://www.nextbike.ro/ro/saturn/,https://gbfs.nextbike.net/maps/gbfs/v2/nextbike_rs/gbfs.json
SA,iBike ( Saudi Arabia ),"King Abdullah Economic City, SA",nextbike_sa,https://ibike.kaec.net/,https://gbfs.nextbike.net/maps/gbfs/v2/nextbike_sa/gbfs.json
SC,Just Eat Cycles,"Edinburgh, SC",edinburgh-city-bikes,https://edinburghcyclehire.com/,https://gbfs.urbansharing.com/edinburghcyclehire.com/gbfs.json
SE,Donkey Republic Ängelholm,"Ängelholm, SE",donkey_aengelholm,https://www.donkey.bike/cities/bike-rental-angelholm/,https://stables.donkey.bike/api/public/gbfs/2/donkey_aengelholm/gbfs.json
SE,Donkey Republic Båstad,"Båstad, SE",donkey_baastad,https://www.donkey.bike/cities/bike-rental-bastad/,https://stables.donkey.bike/api/public/gbfs/2/donkey_baastad/gbfs.json
SE,Donkey Republic Malmö,"Malmö, SE",donkey_malmoe,https://www.donkey.bike/cities/bike-rental-malmo/,https://stables.donkey.bike/api/public/gbfs/2/donkey_malmoe/gbfs.json
SE,Donkey Republic Ystad,"Ystad, SE",donkey_ystad,https://www.donkey.bike/cities/bike-rental-ystad/,https://stables.donkey.bike/api/public/gbfs/2/donkey_ystad/gbfs.json
SE,Stockholm,"Stockholm, SE",Link_Stockholm,https://www.link.city,https://wrangler-mds-production.herokuapp.com/gbfs/Stockholm/gbfs.json
SE,"Styr & Ställ (Sweden, Göteborg)","Göteborg, SE",nextbike_zg,https://styrochstall.se/sv/,https://gbfs.nextbike.net/maps/gbfs/v2/nextbike_zg/gbfs.json
SI,Nomago Bikes - GO2GO,"Nova Gorica, SI",nextbike_ce,https://bikes.nomago.si/,https://gbfs.nextbike.net/maps/gbfs/v2/nextbike_ce/gbfs.json
SI,NomagoBikes (Slovenia),"Slovenia, SI",nextbike_cn,https://bikes.nomago.si/,https://gbfs.nextbike.net/maps/gbfs/v2/nextbike_cn/gbfs.json
SK,Arriva Nitra Slovakia,"Nitra, SK",nextbike_as,https://arriva.bike/,https://gbfs.nextbike.net/maps/gbfs/v2/nextbike_as/gbfs.json
SK,BikeKIA,"Žilina, SK",nextbike_ak,https://bikekia.sk/,https://gbfs.nextbike.net/maps/gbfs/v2/nextbike_ak/gbfs.json
UA,nextbike (Ukraine),"Ukraine, UA",nextbike_nu,https://www.nextbike.ua/uk/,https://gbfs.nextbike.net/maps/gbfs/v2/nextbike_nu/gbfs.json
UA,nextbike Vinnitsa (Ukraine),"Vinnytsia, UA",nextbike_uv,https://www.nextbike.ua/uk/Vinnytsia/,https://gbfs.nextbike.net/maps/gbfs/v2/nextbike_uv/gbfs.json
US,Asbury Park,"Asbury Park, NJ",Link_Asbury_Park,https://www.link.city,https://wrangler-mds-production.herokuapp.com/gbfs/Asbury%20Park/gbfs.json
US,Austin,"Austin, TX",Link_Austin,https://www.link.city,https://wrangler-mds-production.herokuapp.com/gbfs/Austin/gbfs.json
US,Austin B-cycle,"Austin, TX",bcycle_austin,http://austinbcycle.com,https://gbfs.bcycle.com/bcycle_austin/gbfs.json
US,Aventura BCycle,"Aventura, FL",bcycle_aventura,https://aventura.bcycle.com,https://gbfs.bcycle.com/bcycle_aventura/gbfs.json
US,Baltimore,"Baltimore, MD",Link_Baltimore,https://www.link.city,https://wrangler-mds-production.herokuapp.com/gbfs/Baltimore/gbfs.json
US,Bay Wheels,"San Francisco Bay Area, CA",BA,https://www.baywheels.com/,https://gbfs.baywheels.com/gbfs/gbfs.json
US,Bike Chattanooga,"Chattanooga, TN",bike_chattanooga,http://www.bikechattanooga.com/,https://chat.publicbikesystem.net/ube/gbfs/v1/
US,BikeLNK,"Lincoln, NE",bcycle_bikelnk,https://bikelnk.bcycle.com,https://gbfs.bcycle.com/bcycle_bikelnk/gbfs.json
US,Bikeshare Kona,"Kona, HI",bikeshare_kona,https://hawaiiislandbikeshare.org/,https://kona.publicbikesystem.net/ube/gbfs/v1/
US,BIKETOWN,"Portland, OR",biketown_pdx,https://www.biketownpdx.com/,https://gbfs.biketownpdx.com/gbfs/gbfs.json
US,Biki,"Honolulu, HI",go_biki,https://gobiki.org/,https://hon.publicbikesystem.net/ube/gbfs/v1/
US,Bird Alexandria,"Alexandria, VA",bird-alexandria,https://www.bird.co,https://mds.bird.co/gbfs/v2/public/alexandria/gbfs.json
US,Bird Chicago,"Chicago, IL",bird-chicago,https://www.bird.co,https://mds.bird.co/gbfs/v2/public/chicago/gbfs.json
US,Bird Cleveland,"Cleveland, OH",bird-cleveland,https://www.bird.co,https://mds.bird.co/gbfs/v2/public/cleveland/gbfs.json
US,Bird Columbus,"Columbus, OH",bird-columbus,https://www.bird.co,https://mds.bird.co/gbfs/v2/public/columbus/gbfs.json
US,Bird Culver City,"Culver City, CA",bird-culver-city,https://www.bird.co,https://mds.bird.co/gbfs/v2/public/culver-city/gbfs.json
US,Bird Detriot,"Detroit, MI",bird-detroit,https://www.bird.co,https://mds.bird.co/gbfs/v2/public/detroit/gbfs.json
US,Bird Fairfax,"Fairfax, VA",bird-fairfax,https://www.bird.co,https://mds.bird.co/gbfs/v2/public/fairfax/gbfs.json
US,Bird Indianapolis,"Indianapolis,IN",bird-indianapolis,https://www.bird.co,https://mds.bird.co/gbfs/v2/public/indianapolis/gbfs.json
US,Bird Kansas City,"Kansas City, MO",bird-kansas-city,https://www.bird.co,https://mds.bird.co/gbfs/v2/public/kansas-city/gbfs.json
US,Bird Los Angeles,"Los Angeles, CA",bird-los-angeles,https://www.bird.co,https://mds.bird.co/gbfs/v2/public/los-angeles/gbfs.json
US,Bird Louisville,"Louisville, KY",bird-louisville,https://www.bird.co,https://mds.bird.co/gbfs/v2/public/louisville/gbfs.json
US,Bird Miami,"Miami, FL",bird-miami,https://bird.co,https://mds.bird.co/gbfs/v2/public/miami/gbfs.json
US, Bird New York,"New York, NY",bird-new-york,https://bird.co,https://mds.bird.co/gbfs/v2/public/new-york/gbfs.json
US,Bird Portland,"Portland, OR",bird-portland,https://www.bird.co,https://mds.bird.co/gbfs/v2/public/portland/gbfs.json
US,Bird San Francisco,"San Francisco, CA",bird-san-francisco,https://www.bird.co,https://mds.bird.co/gbfs/v2/public/san-francisco/gbfs.json
US,Bird Tempe,"Tempe, AZ",bird-tempe,https://www.bird.co,https://mds.bird.co/gbfs/v2/public/tempe/gbfs.json
US,Bird Washington DC,"Washington, DC",bird-washington-dc,https://www.bird.co,https://mds.bird.co/gbfs/v2/public/washington-dc/gbfs.json
US,Blue Bikes,"Boston, MA",bluebikes,https://www.bluebikes.com/,https://gbfs.bluebikes.com/gbfs/gbfs.json
US,Bolt Durham,"Durham, NC",bolt_dur,https://micromobility.com,https://api-lb.micromobility.com/dur/gbfs/en/gbfs.json
US,Bolt Portland,"Portland OR",bolt_ptl,https://micromobility.com,https://bolt.miami/bolt2/ptl/gbfs/gbfs.json
US,Bolt Washington DC,"Washington DC, DC",bolt_dc,https://micromobility.com,https://api-lb.micromobility.com/dc/gbfs/en/gbfs.json
US,Broward B-cycle,"Fort Lauderdale, FL",bcycle_broward,https://broward.bcycle.com,https://gbfs.bcycle.com/bcycle_broward/gbfs.json
US,Bublr Bikes,"Milwaukee, WI",bcycle_bublr,http://bublrbikes.com,https://gbfs.bcycle.com/bcycle_bublr/gbfs.json
US,Capital Bike Share,"Washington, DC",cabi,http://www.capitalbikeshare.com,https://gbfs.capitalbikeshare.com/gbfs/gbfs.json
US,Charlotte B-cycle,"Charlotte, NC",bcycle_charlotte,https://charlotte.bcycle.com,https://gbfs.bcycle.com/bcycle_charlotte/gbfs.json
US,Cincy Red Bike,"Cincinnati, OH",bcycle_cincyredbike,http://www.cincyredbike.org,https://gbfs.bcycle.com/bcycle_cincyredbike/gbfs.json
US,Citi Bike,"NYC, NY",NYC,https://www.citibikenyc.com,https://gbfs.citibikenyc.com/gbfs/gbfs.json
US,Clarksville B-cycle,"Clarksville, TN",bcycle_clarksville,https://clarksville.bcycle.com,https://gbfs.bcycle.com/bcycle_clarksville/gbfs.json
US,Clemson BikeShare,"Clemson, SC",bcycle_clemson,https://clemson.bcycle.com,https://gbfs.bcycle.com/bcycle_clemson/gbfs.json
US,Cleveland,"Cleveland, OH",Link_Cleveland,https://www.link.city,https://wrangler-mds-production.herokuapp.com/gbfs/Cleveland/gbfs.json
US,CLEVR Mobility,"Oakland, CA",daecbe87-a9f2-4a5a-b5df-8e3e14180513,https://www.clevrmobility.com/,https://portal.clevrmobility.com/api/gbfs/oakland/en/discovery/
US,CoGo,"Columbus, OH",cogo,http://www.cogobikeshare.com/,https://gbfs.cogobikeshare.com/gbfs/gbfs.json
US,Columbus,"Columbus, OH",Link_Columbus,https://www.link.city,https://wrangler-mds-production.herokuapp.com/gbfs/Columbus/gbfs.json
US,Des Moines B-cycle,"Des Moines, IA",bcycle_desmoines,https://desmoines.bcycle.com,https://gbfs.bcycle.com/bcycle_desmoines/gbfs.json
US,Divvy,"Chicago, IL",divvy,http://www.divvybikes.com/,https://gbfs.divvybikes.com/gbfs/gbfs.json
US,El Paso B-cycle,"El Paso, TX",bcycle_elpaso,https://elpaso.bcycle.com,https://gbfs.bcycle.com/bcycle_elpaso/gbfs.json
US,Explore Bike Share,"Memphis, TN",bcycle_memphis,https://explorebikeshare.bcycle.com,https://gbfs.bcycle.com/bcycle_memphis/gbfs.json
US,Fort Worth Bike Sharing,"Fort Worth, TX",bcycle_fortworth,https://fortworth.bcycle.com,https://gbfs.bcycle.com/bcycle_fortworth/gbfs.json
US,GREENbike,"Salt Lake City, UT",bcycle_greenbikeslc,https://greenbikeslc.org,https://gbfs.bcycle.com/bcycle_greenbikeslc/gbfs.json
US,Greenville B-cycle,"Greenville, SC",bcycle_greenville,https://greenville.bcycle.com,https://gbfs.bcycle.com/bcycle_greenville/gbfs.json
US,Healthy Ride Pittsburgh,"Pittsburgh, PA",nextbike_pp,https://healthyridepgh.com/,https://gbfs.nextbike.net/maps/gbfs/v2/nextbike_pp/gbfs.json
US,Hartford,"Hartford, CT",Link_Hartford,https://www.link.city,https://wrangler-mds-production.herokuapp.com/gbfs/Hartford/gbfs.json
US,Heartland B-cycle,"Omaha, NE",bcycle_heartland,https://heartland.bcycle.com,https://gbfs.bcycle.com/bcycle_heartland/gbfs.json
US,Helbiz Alexandria,"Alexandria, VA",HELBIZ-US,https://helbiz.com,https://api.helbiz.com/admin/reporting/alexandria/gbfs/gbfs.json
US,Helbiz Arlington,"Arlington, VA",HELBIZ-US,https://helbiz.com,https://api.helbiz.com/admin/reporting/arlington/gbfs/gbfs.json
US,Helbiz Atlanta,"Atlanta, GA",HELBIZ-US,https://helbiz.com,https://api.helbiz.com/admin/reporting/atlanta/gbfs/gbfs.json
US,Helbiz Charlottesville,"Charlottesville, VA",HELBIZ-US,https://helbiz.com/,https://api.helbiz.com/admin/reporting/charlottesville/gbfs/gbfs.json
US,Helbiz Jacksonville,"Jacksonville, FL",HELBIZ-US,https://helbiz.com/,https://api.helbiz.com/admin/reporting/jacksonville/gbfs/gbfs.json
US,Helbiz Miami,"Miami, FL",HELBIZ-US,https://helbiz.com,https://api.helbiz.com/admin/reporting/miami/gbfs/gbfs.json
US,Helbiz Oklahoma City,"Oklahoma City, OK",HELBIZ-US,https://helbiz.com/,https://api.helbiz.com/admin/reporting/oklahoma/gbfs/gbfs.json
US,Helbiz Richmond,"Richmond, VA",HELBIZ-US,https://helbiz.com,https://api.helbiz.com/admin/reporting/richmond/gbfs/gbfs.json
US,Helbiz Washington DC,"Washington DC, DC",HELBIZ-US,https://helbiz.com,https://api.helbiz.com/admin/reporting/washington/gbfs/gbfs.json
US,Helbiz Waterloo,"Waterloo, IA",HELBIZ-US,https://helbiz.com/,https://api.helbiz.com/admin/reporting/waterloo/gbfs/gbfs.json
US,HOPR Arizona,"Pheonix, AZ",17,https://gohopr.com/,https://gbfs.hopr.city/api/gbfs/17/
US,HOPR Atlanta,"Atlanta, GA",20,https://gohopr.com/,https://gbfs.hopr.city/api/gbfs/20/
US,HOPR Freemont,"Freemont, CA",16,https://gohopr.com/,https://gbfs.hopr.city/api/gbfs/16/
US,HOPR Los Angeles,"Los Angeles, CA",10,https://gohopr.com/la/,https://gbfs.hopr.city/api/gbfs/10/
US,HOPR Margaritaville,"Kissimmee, FL",21,https://gohopr.com/,https://gbfs.hopr.city/api/gbfs/21/
US,HOPR Miami,"Miami, FL",11,https://gohopr.com/,https://gbfs.hopr.city/api/gbfs/11/
US,HOPR Rochester-Genesee,"Rochester, NY",32,https://gohopr.com/,https://gbfs.hopr.city/api/gbfs/32/
US,HOPR Tampa,"Tampa, FL",8,https://gohopr.com/tampabay/,https://gbfs.hopr.city/api/gbfs/8/
US,Houston B-cycle,"Houston, TX",bcycle_houston,https://houston.bcycle.com,https://gbfs.bcycle.com/bcycle_houston/gbfs.json
US,Indego,"Philadelphia, PA",bcycle_indego,https://www.rideindego.com,https://gbfs.bcycle.com/bcycle_indego/gbfs.json
US,Indy - Pacers Bikeshare,"Indianapolis, IN",bcycle_pacersbikeshare,https://www.pacersbikeshare.org,https://gbfs.bcycle.com/bcycle_pacersbikeshare/gbfs.json
US,Jackson County,"Jackson, MI",bcycle_jacksoncounty,https://jacksoncounty.bcycle.com,https://gbfs.bcycle.com/bcycle_jacksoncounty/gbfs.json
US,Jacksonville,"Jacksonville, FL",Link_Jacksonville,https://www.link.city,https://wrangler-mds-production.herokuapp.com/gbfs/Jacksonville/gbfs.json
US,Knoxville,"Knoxville, TN",Link_Knoxville,https://www.link.city,https://wrangler-mds-production.herokuapp.com/gbfs/Knoxville/gbfs.json
US,Louvelo,"Louisville, KY",Louvelo,https://louvelo.com/,https://lou.publicbikesystem.net/ube/gbfs/v1/
US,Lyft,"Washington, DC",lyft_dca,https://www.lyft.com/scooters/washington-dc,https://s3.amazonaws.com/lyft-lastmile-production-iad/lbs/dca/gbfs.json
US,Lyft Scooters Chicago,"Chicago, IL",chicago,https://www.divvybikes.com,https://s3.amazonaws.com/lyft-lastmile-production-iad/lbs/chi/gbfs.json
US,Lyft Scooters Denver,"Denver, CO",lyft_den,https://www.lyft.com/,https://s3.amazonaws.com/lyft-lastmile-production-iad/lbs/den/gbfs.json
US,Lyft Scooters Los Angeles,"Los Angeles, CA",lyft_lax,https://www.lyft.com/,https://s3.amazonaws.com/lyft-lastmile-production-iad/lbs/lax/gbfs.json
US,Lyft Scooters Miami,"Miami, FL",lyft_mia,https://www.lyft.com/,https://s3.amazonaws.com/lyft-lastmile-production-iad/lbs/mia/gbfs.json
US,Lyft Scooters Minneapolis,"Minneapolis, MN",niceridemn,https://www.lyft.com/,https://s3.amazonaws.com/lyft-lastmile-production-iad/lbs/msp/gbfs.json
US,Lyft Scooters San Diego,"San Diego, CA",lyft_san,https://www.lyft.com/,https://s3.amazonaws.com/lyft-lastmile-production-iad/lbs/san/gbfs.json
US,Madison B-cycle,"Madison, WI",bcycle_madison,https://madison.bcycle.com,https://gbfs.bcycle.com/bcycle_madison/gbfs.json
US,McAllen B-cycle,"McAllen, TX",bcycle_mcallen,https://mcallen.bcycle.com,https://gbfs.bcycle.com/bcycle_mcallen/gbfs.json
US,Metro Bike Share,"Los Angeles, CA",bcycle_lametro,https://bikeshare.metro.net,https://gbfs.bcycle.com/bcycle_lametro/gbfs.json
US,Mogo Detroit,"Detroit, MI",mogo,https://mogodetroit.org/,https://det.publicbikesystem.net/ube/gbfs/v1/
US,Nice Ride Minnesota,"Minneapolis, MN",niceridemn,https://www.niceridemn.com,https://gbfs.niceridemn.com/gbfs/gbfs.json
US,Ojo,"Austin, TX",ojo,https://ojoelectric.com/,https://api.ojoelectric.com/api/mds/gbfs.json
US,OKC Spokies,"Oklahoma City, OK",bcycle_spokies,https://spokies.bcycle.com,https://gbfs.bcycle.com/bcycle_spokies/gbfs.json
US,PeaceHealth Rides,"Eugene, OR",peacehealth_rides,https://www.peacehealthrides.com/,https://peacehealthrides.com/opendata/gbfs.json
US,Provo,"Provo, UT",Link_Provo,https://www.link.city,https://wrangler-mds-production.herokuapp.com/gbfs/Provo/gbfs.json
US,Rad Sharing Fleet,"Seattle, WA",33,https://gohopr.com/,https://gbfs.hopr.city/api/gbfs/33/
US,Razor Tempe,"Tempe, AZ",razor,https://www.razor.com/share/,https://razorapi.net/api/v1/gbfs/Tempe/gbfs.json
US,Razor Washington DC,"Washington DC, DC",razor,https://www.razor.com/share/,https://razorapi.net/api/v1/gbfs/Washington%20DC/gbfs.json
US,Reddy Bikeshare,"Buffalo, NY",reddy_bikeshare,http://reddybikeshare.socialbicycles.com,https://reddybikeshare.socialbicycles.com/opendata/gbfs.json
US,Revel New York,"New York, NY",revel_newyork,https://gorevel.com,https://gbfs.gorevel.com/gbfs/v2/newyork/en/gbfs.json
US,Revel Oakland,"Oakland, CA",revel_oakland,https://gorevel.com/oakland/,https://gbfs.gorevel.com/gbfs/v2/oakland/en/gbfs.json
US,Revel Miami,"Miami, FL",revel_miami,https://gorevel.com/miami/,https://gbfs.gorevel.com/gbfs/v2/miami/en/gbfs.json
US,Revel San Francisco,"San Francisco, CA",revel_sanfrancisco,https://gorevel.com,https://gbfs.gorevel.com/gbfs/v2/sanfrancisco/en/gbfs.json
US,Revel Washington D.C.,"Washington, DC",revel_washingtondc,https://gorevel.com,https://gbfs.gorevel.com/gbfs/v2/washingtondc/en/gbfs.json
US,RTC Bike Share,"Las Vegas, NV",bcycle_rtcbikeshare,https://rtcbikeshare.bcycle.com,https://gbfs.bcycle.com/bcycle_rtcbikeshare/gbfs.json
US,Salt Lake City,"Salt Lake City, UT",Link_Salt_Lake_City,https://www.link.city,https://wrangler-mds-production.herokuapp.com/gbfs/Salt%20Lake%20City/gbfs.json
US,San Antonio B-cycle,"San Antonio, TX",bcycle_sanantonio,https://sanantonio.bcycle.com/,https://gbfs.bcycle.com/bcycle_sanantonio/gbfs.json
US,San Diego,"San Diego, CA",Link_San_Diego,https://www.link.city,https://wrangler-mds-production.herokuapp.com/gbfs/San%20Diego/gbfs.json
US,Santa Barbara BCycle,"Santa Barbara, CA",bcycle_santabarbara,https://santabarbara.bcycle.com,https://gbfs.bcycle.com/bcycle_santabarbara/gbfs.json
US,SBU Wolf Ride Bike Share,"Stony Brook, NY",sbu,https://www.stonybrook.edu/commcms/sustainability/transportation/_Wolf_Ride_Bike_Share/,https://sbu.publicbikesystem.net/ube/gbfs/v1/
US,Spartanburg BCycle,"Spartanburg, SC",bcycle_spartanburg,https://spartanburg.bcycle.com,https://gbfs.bcycle.com/bcycle_spartanburg/gbfs.json
US,START Bike,"Jackson, WY",bcycle_startbike,https://startbike.bcycle.com,https://gbfs.bcycle.com/bcycle_startbike/gbfs.json
US,Tugo,"Tucson, AZ",tugo,https://tugobikeshare.com/,https://tuc.publicbikesystem.net/ube/gbfs/v1/
US,Valentine Bike Share,"Valentine, NE",bcycle_valentine,https://heartlandbikeshare.org,https://gbfs.bcycle.com/bcycle_valentine/gbfs.json
